Workbook

Sheet ARAÇ TAKİP ANA
A1: PLAKA | B1: ŞASİ | C1: SÜREÇ | D1: DETAY / YAPILACAK İŞLEM | E1: BAŞLANGIÇ DETAYI | F1: PARÇA DEĞİŞİMİ | G1: GÜNCELLEME | H1: SON GÜNCELLEME
A2: 06KBR85 | B2: NL1CSU0P00G016529 | C2: İnceleme Süreci | D2: Batarya + OBC arızası mevcut. Talep açılacak. | E2: Batarya + OBC arızası mevcut. Talep açılacak. | F2: =IF(D2="","",IF(OR(ISNUMBER(SEARCH("PARÇA DEĞİŞ",D2)),ISNUMBER(SEARCH("PARCA DEGIS",D2)),ISNUMBER(SEARCH("DEĞİŞECEK",D2)),ISNUMBER(SEARCH("DEGISECEK",D2)),ISNUMBER(SEARCH("DEĞİŞİM",D2)),ISNUMBER(SEARCH("DEGISIM",D2))),"PARÇA DEĞİŞİMİ","")) | G2: =IF(AND(D2<>"",E2<>"",D2<>E2),"GÜNCELLENDİ","")
A3: 34EB6261 | B3: NL1CSU0PX0G007675 | C3: İnceleme Süreci | D3: OBC talebi açılacak. | E3: OBC talebi açılacak. | F3: =IF(D3="","",IF(OR(ISNUMBER(SEARCH("PARÇA DEĞİŞ",D3)),ISNUMBER(SEARCH("PARCA DEGIS",D3)),ISNUMBER(SEARCH("DEĞİŞECEK",D3)),ISNUMBER(SEARCH("DEGISECEK",D3)),ISNUMBER(SEARCH("DEĞİŞİM",D3)),ISNUMBER(SEARCH("DEGISIM",D3))),"PARÇA DEĞİŞİMİ","")) | G3: =IF(AND(D3<>"",E3<>"",D3<>E3),"GÜNCELLENDİ","")
A4: 34HRY262 | B4: NL1CSU0P60G014610 | C4: İnceleme Süreci | D4: ESA arızası var. Tespit bekliyor. | E4: ESA arızası var. Tespit bekliyor. | F4: =IF(D4="","",IF(OR(ISNUMBER(SEARCH("PARÇA DEĞİŞ",D4)),ISNUMBER(SEARCH("PARCA DEGIS",D4)),ISNUMBER(SEARCH("DEĞİŞECEK",D4)),ISNUMBER(SEARCH("DEGISECEK",D4)),ISNUMBER(SEARCH("DEĞİŞİM",D4)),ISNUMBER(SEARCH("DEGISIM",D4))),"PARÇA DEĞİŞİMİ","")) | G4: =IF(AND(D4<>"",E4<>"",D4<>E4),"GÜNCELLENDİ","")
A5: 59AJD828 | B5: NL1CSU0B50G028325 | C5: İnceleme Süreci | D5: Dış sıcaklık yanlış gösteriyor. Tespit bekliyor. | E5: Dış sıcaklık yanlış gösteriyor. Tespit bekliyor. | F5: =IF(D5="","",IF(OR(ISNUMBER(SEARCH("PARÇA DEĞİŞ",D5)),ISNUMBER(SEARCH("PARCA DEGIS",D5)),ISNUMBER(SEARCH("DEĞİŞECEK",D5)),ISNUMBER(SEARCH("DEGISECEK",D5)),ISNUMBER(SEARCH("DEĞİŞİM",D5)),ISNUMBER(SEARCH("DEGISIM",D5))),"PARÇA DEĞİŞİMİ","")) | G5: =IF(AND(D5<>"",E5<>"",D5<>E5),"GÜNCELLENDİ","")
A6: 34MZK467 | B6: NL1CSU0P90G016996 | C6: İnceleme Süreci | D6: ESA arızası var. Tespit bekliyor. | E6: ESA arızası var. Tespit bekliyor. | F6: =IF(D6="","",IF(OR(ISNUMBER(SEARCH("PARÇA DEĞİŞ",D6)),ISNUMBER(SEARCH("PARCA DEGIS",D6)),ISNUMBER(SEARCH("DEĞİŞECEK",D6)),ISNUMBER(SEARCH("DEGISECEK",D6)),ISNUMBER(SEARCH("DEĞİŞİM",D6)),ISNUMBER(SEARCH("DEGISIM",D6))),"PARÇA DEĞİŞİMİ","")) | G6: =IF(AND(D6<>"",E6<>"",D6<>E6),"GÜNCELLENDİ","")
A7: 34GE3840 | B7: NL1CSU0P70G025051 | C7: İnceleme Süreci | D7: Çeşitli arızaları mevcut. Sıra bekliyor. | E7: Çeşitli arızaları mevcut. Sıra bekliyor. | F7: =IF(D7="","",IF(OR(ISNUMBER(SEARCH("PARÇA DEĞİŞ",D7)),ISNUMBER(SEARCH("PARCA DEGIS",D7)),ISNUMBER(SEARCH("DEĞİŞECEK",D7)),ISNUMBER(SEARCH("DEGISECEK",D7)),ISNUMBER(SEARCH("DEĞİŞİM",D7)),ISNUMBER(SEARCH("DEGISIM",D7))),"PARÇA DEĞİŞİMİ","")) | G7: =IF(AND(D7<>"",E7<>"",D7<>E7),"GÜNCELLENDİ","")
A8: 34ASL859 | B8: NL1CFB0B20G085753 | C8: İnceleme Süreci | D8: Cihaza enerji gelmiyor. Tespit bekliyor. | E8: Cihaza enerji gelmiyor. Tespit bekliyor. | F8: =IF(D8="","",IF(OR(ISNUMBER(SEARCH("PARÇA DEĞİŞ",D8)),ISNUMBER(SEARCH("PARCA DEGIS",D8)),ISNUMBER(SEARCH("DEĞİŞECEK",D8)),ISNUMBER(SEARCH("DEGISECEK",D8)),ISNUMBER(SEARCH("DEĞİŞİM",D8)),ISNUMBER(SEARCH("DEGISIM",D8))),"PARÇA DEĞİŞİMİ","")) | G8: =IF(AND(D8<>"",E8<>"",D8<>E8),"GÜNCELLENDİ","")
A9: 34MUL222 | B9: NL1CSU0P70G004605 | C9: İnceleme Süreci | D9: DC şarj kesiyor. Tespit bekliyor. | E9: DC şarj kesiyor. Tespit bekliyor. | F9: =IF(D9="","",IF(OR(ISNUMBER(SEARCH("PARÇA DEĞİŞ",D9)),ISNUMBER(SEARCH("PARCA DEGIS",D9)),ISNUMBER(SEARCH("DEĞİŞECEK",D9)),ISNUMBER(SEARCH("DEGISECEK",D9)),ISNUMBER(SEARCH("DEĞİŞİM",D9)),ISNUMBER(SEARCH("DEGISIM",D9))),"PARÇA DEĞİŞİMİ","")) | G9: =IF(AND(D9<>"",E9<>"",D9<>E9),"GÜNCELLENDİ","")
A10: 34HTA072 | B10: NL1CSU0PX0G015291 | C10: İnceleme Süreci | D10: ESA problemi. Talep açılacak. | E10: ESA problemi. Talep açılacak. | F10: =IF(D10="","",IF(OR(ISNUMBER(SEARCH("PARÇA DEĞİŞ",D10)),ISNUMBER(SEARCH("PARCA DEGIS",D10)),ISNUMBER(SEARCH("DEĞİŞECEK",D10)),ISNUMBER(SEARCH("DEGISECEK",D10)),ISNUMBER(SEARCH("DEĞİŞİM",D10)),ISNUMBER(SEARCH("DEGISIM",D10))),"PARÇA DEĞİŞİMİ","")) | G10: =IF(AND(D10<>"",E10<>"",D10<>E10),"GÜNCELLENDİ","")
A11: 34NGF698 | B11: NL1CSU0P40G062218 | C11: İnceleme Süreci | D11: AC şarj problemi. Talep açılacak. | E11: AC şarj problemi. Talep açılacak. | F11: =IF(D11="","",IF(OR(ISNUMBER(SEARCH("PARÇA DEĞİŞ",D11)),ISNUMBER(SEARCH("PARCA DEGIS",D11)),ISNUMBER(SEARCH("DEĞİŞECEK",D11)),ISNUMBER(SEARCH("DEGISECEK",D11)),ISNUMBER(SEARCH("DEĞİŞİM",D11)),ISNUMBER(SEARCH("DEGISIM",D11))),"PARÇA DEĞİŞİMİ","")) | G11: =IF(AND(D11<>"",E11<>"",D11<>E11),"GÜNCELLENDİ","")
A12: 34TC9227 | B12: NL1CSU0P10G028060 | C12: İnceleme Süreci | D12: Park sensörü arızası mevcut. Tespit bekliyor. | E12: Park sensörü arızası mevcut. Tespit bekliyor. | F12: =IF(D12="","",IF(OR(ISNUMBER(SEARCH("PARÇA DEĞİŞ",D12)),ISNUMBER(SEARCH("PARCA DEGIS",D12)),ISNUMBER(SEARCH("DEĞİŞECEK",D12)),ISNUMBER(SEARCH("DEGISECEK",D12)),ISNUMBER(SEARCH("DEĞİŞİM",D12)),ISNUMBER(SEARCH("DEGISIM",D12))),"PARÇA DEĞİŞİMİ","")) | G12: =IF(AND(D12<>"",E12<>"",D12<>E12),"GÜNCELLENDİ","")
A13: 39AFB523 | B13: NL1CSU0P70G100038 | C13: İnceleme Süreci | D13: AC şarj arızası var. Tespit bekliyor. | E13: AC şarj arızası var. Tespit bekliyor. | F13: =IF(D13="","",IF(OR(ISNUMBER(SEARCH("PARÇA DEĞİŞ",D13)),ISNUMBER(SEARCH("PARCA DEGIS",D13)),ISNUMBER(SEARCH("DEĞİŞECEK",D13)),ISNUMBER(SEARCH("DEGISECEK",D13)),ISNUMBER(SEARCH("DEĞİŞİM",D13)),ISNUMBER(SEARCH("DEGISIM",D13))),"PARÇA DEĞİŞİMİ","")) | G13: =IF(AND(D13<>"",E13<>"",D13<>E13),"GÜNCELLENDİ","")
... A99: 34PAP358 | B99: NL1CSU0P00G076598 | C99: Teslimat Sürecinde | D99: 19.09.2026 teslim edildi. | E99: 19.09.2026 teslim edildi. | F99: =IF(D99="","",IF(OR(ISNUMBER(SEARCH("PARÇA DEĞİŞ",D99)),ISNUMBER(SEARCH("PARCA DEGIS",D99)),ISNUMBER(SEARCH("DEĞİŞECEK",D99)),ISNUMBER(SEARCH("DEGISECEK",D99)),ISNUMBER(SEARCH("DEĞİŞİM",D99)),ISNUMBER(SEARCH("DEGISIM",D99))),"PARÇA DEĞİŞİMİ","")) | G99: =IF(AND(D99<>"",E99<>"",D99<>E99),"GÜNCELLENDİ","")
F100: =IF(D100="","",IF(OR(ISNUMBER(SEARCH("PARÇA DEĞİŞ",D100)),ISNUMBER(SEARCH("PARCA DEGIS",D100)),ISNUMBER(SEARCH("DEĞİŞECEK",D100)),ISNUMBER(SEARCH("DEGISECEK",D100)),ISNUMBER(SEARCH("DEĞİŞİM",D100)),ISNUMBER(SEARCH("DEGISIM",D100))),"PARÇA DEĞİŞİMİ","")) | G100: =IF(AND(D100<>"",E100<>"",D100<>E100),"GÜNCELLENDİ","")
F101: =IF(D101="","",IF(OR(ISNUMBER(SEARCH("PARÇA DEĞİŞ",D101)),ISNUMBER(SEARCH("PARCA DEGIS",D101)),ISNUMBER(SEARCH("DEĞİŞECEK",D101)),ISNUMBER(SEARCH("DEGISECEK",D101)),ISNUMBER(SEARCH("DEĞİŞİM",D101)),ISNUMBER(SEARCH("DEGISIM",D101))),"PARÇA DEĞİŞİMİ","")) | G101: =IF(AND(D101<>"",E101<>"",D101<>E101),"GÜNCELLENDİ","")
F102: =IF(D102="","",IF(OR(ISNUMBER(SEARCH("PARÇA DEĞİŞ",D102)),ISNUMBER(SEARCH("PARCA DEGIS",D102)),ISNUMBER(SEARCH("DEĞİŞECEK",D102)),ISNUMBER(SEARCH("DEGISECEK",D102)),ISNUMBER(SEARCH("DEĞİŞİM",D102)),ISNUMBER(SEARCH("DEGISIM",D102))),"PARÇA DEĞİŞİMİ","")) | G102: =IF(AND(D102<>"",E102<>"",D102<>E102),"GÜNCELLENDİ","")
F103: =IF(D103="","",IF(OR(ISNUMBER(SEARCH("PARÇA DEĞİŞ",D103)),ISNUMBER(SEARCH("PARCA DEGIS",D103)),ISNUMBER(SEARCH("DEĞİŞECEK",D103)),ISNUMBER(SEARCH("DEGISECEK",D103)),ISNUMBER(SEARCH("DEĞİŞİM",D103)),ISNUMBER(SEARCH("DEGISIM",D103))),"PARÇA DEĞİŞİMİ","")) | G103: =IF(AND(D103<>"",E103<>"",D103<>E103),"GÜNCELLENDİ","")
F104: =IF(D104="","",IF(OR(ISNUMBER(SEARCH("PARÇA DEĞİŞ",D104)),ISNUMBER(SEARCH("PARCA DEGIS",D104)),ISNUMBER(SEARCH("DEĞİŞECEK",D104)),ISNUMBER(SEARCH("DEGISECEK",D104)),ISNUMBER(SEARCH("DEĞİŞİM",D104)),ISNUMBER(SEARCH("DEGISIM",D104))),"PARÇA DEĞİŞİMİ","")) | G104: =IF(AND(D104<>"",E104<>"",D104<>E104),"GÜNCELLENDİ","")
F105: =IF(D105="","",IF(OR(ISNUMBER(SEARCH("PARÇA DEĞİŞ",D105)),ISNUMBER(SEARCH("PARCA DEGIS",D105)),ISNUMBER(SEARCH("DEĞİŞECEK",D105)),ISNUMBER(SEARCH("DEGISECEK",D105)),ISNUMBER(SEARCH("DEĞİŞİM",D105)),ISNUMBER(SEARCH("DEGISIM",D105))),"PARÇA DEĞİŞİMİ","")) | G105: =IF(AND(D105<>"",E105<>"",D105<>E105),"GÜNCELLENDİ","")
F106: =IF(D106="","",IF(OR(ISNUMBER(SEARCH("PARÇA DEĞİŞ",D106)),ISNUMBER(SEARCH("PARCA DEGIS",D106)),ISNUMBER(SEARCH("DEĞİŞECEK",D106)),ISNUMBER(SEARCH("DEGISECEK",D106)),ISNUMBER(SEARCH("DEĞİŞİM",D106)),ISNUMBER(SEARCH("DEGISIM",D106))),"PARÇA DEĞİŞİMİ","")) | G106: =IF(AND(D106<>"",E106<>"",D106<>E106),"GÜNCELLENDİ","")
F107: =IF(D107="","",IF(OR(ISNUMBER(SEARCH("PARÇA DEĞİŞ",D107)),ISNUMBER(SEARCH("PARCA DEGIS",D107)),ISNUMBER(SEARCH("DEĞİŞECEK",D107)),ISNUMBER(SEARCH("DEGISECEK",D107)),ISNUMBER(SEARCH("DEĞİŞİM",D107)),ISNUMBER(SEARCH("DEGISIM",D107))),"PARÇA DEĞİŞİMİ","")) | G107: =IF(AND(D107<>"",E107<>"",D107<>E107),"GÜNCELLENDİ","")
F108: =IF(D108="","",IF(OR(ISNUMBER(SEARCH("PARÇA DEĞİŞ",D108)),ISNUMBER(SEARCH("PARCA DEGIS",D108)),ISNUMBER(SEARCH("DEĞİŞECEK",D108)),ISNUMBER(SEARCH("DEGISECEK",D108)),ISNUMBER(SEARCH("DEĞİŞİM",D108)),ISNUMBER(SEARCH("DEGISIM",D108))),"PARÇA DEĞİŞİMİ","")) | G108: =IF(AND(D108<>"",E108<>"",D108<>E108),"GÜNCELLENDİ","")
F109: =IF(D109="","",IF(OR(ISNUMBER(SEARCH("PARÇA DEĞİŞ",D109)),ISNUMBER(SEARCH("PARCA DEGIS",D109)),ISNUMBER(SEARCH("DEĞİŞECEK",D109)),ISNUMBER(SEARCH("DEGISECEK",D109)),ISNUMBER(SEARCH("DEĞİŞİM",D109)),ISNUMBER(SEARCH("DEGISIM",D109))),"PARÇA DEĞİŞİMİ","")) | G109: =IF(AND(D109<>"",E109<>"",D109<>E109),"GÜNCELLENDİ","")
F110: =IF(D110="","",IF(OR(ISNUMBER(SEARCH("PARÇA DEĞİŞ",D110)),ISNUMBER(SEARCH("PARCA DEGIS",D110)),ISNUMBER(SEARCH("DEĞİŞECEK",D110)),ISNUMBER(SEARCH("DEGISECEK",D110)),ISNUMBER(SEARCH("DEĞİŞİM",D110)),ISNUMBER(SEARCH("DEGISIM",D110))),"PARÇA DEĞİŞİMİ","")) | G110: =IF(AND(D110<>"",E110<>"",D110<>E110),"GÜNCELLENDİ","")
F111: =IF(D111="","",IF(OR(ISNUMBER(SEARCH("PARÇA DEĞİŞ",D111)),ISNUMBER(SEARCH("PARCA DEGIS",D111)),ISNUMBER(SEARCH("DEĞİŞECEK",D111)),ISNUMBER(SEARCH("DEGISECEK",D111)),ISNUMBER(SEARCH("DEĞİŞİM",D111)),ISNUMBER(SEARCH("DEGISIM",D111))),"PARÇA DEĞİŞİMİ","")) | G111: =IF(AND(D111<>"",E111<>"",D111<>E111),"GÜNCELLENDİ","")
... F500: =IF(D500="","",IF(OR(ISNUMBER(SEARCH("PARÇA DEĞİŞ",D500)),ISNUMBER(SEARCH("PARCA DEGIS",D500)),ISNUMBER(SEARCH("DEĞİŞECEK",D500)),ISNUMBER(SEARCH("DEGISECEK",D500)),ISNUMBER(SEARCH("DEĞİŞİM",D500)),ISNUMBER(SEARCH("DEGISIM",D500))),"PARÇA DEĞİŞİMİ","")) | G500: =IF(AND(D500<>"",E500<>"",D500<>E500),"GÜNCELLENDİ","")

Sheet KULLANIM
A1: OTOMATİK TAKİP SİSTEMİ | B1: Bu dosyada araçların ana kaynağı ARAÇ TAKİP ANA sayfasıdır.
A2: 1 | B2: Araç için süreç değiştirildiğinde C sütunundaki SÜREÇ alanını değiştir. Diğer sayfalardaki listeler buna göre otomatik güncellenir (Google Sheets/Excel 365 FILTER desteği gerekir).
A3: 2 | B3: DETAY / YAPILACAK İŞLEM alanını değiştirdiğinde BAŞLANGIÇ DETAYI ile karşılaştırılır ve GÜNCELLENDİ otomatik oluşur.
A4: 3 | B4: Detayda OBC, İnlet, Batarya, PEU veya IDCC ifadeleri varsa PARÇA DEĞİŞİMİ / BEKLİYOR otomatik işaretlenir.
A5: 4 | B5: Süreç değişince araç, ilgili süreç görünümüne otomatik taşınacak şekilde tasarlanmıştır.
A6: 5 | B6: YÖNETİCİ PANELİ sayıları ana tablodan takip etmek üzere güncellenecektir.
A7: NOT | B7: En sorunsuz ortak kullanım için dosyayı Google Drive > Google E-Tablolar ile açmanı öneririm.

Sheet YÖNETİCİ PANELİ
A1: TOGG ÇORLU — YÖNETİCİ PANELİ
A3: SÜREÇ | B3: ARAÇ SAYISI
A4: İnceleme Süreci | B4: =COUNTIF('ARAÇ TAKİP ANA'!C2:C5000,"İnceleme Süreci")
A5: Atölye İşlemde | B5: =COUNTIF('ARAÇ TAKİP ANA'!C2:C5000,"Atölye İşlemde")
A6: Parça Bekliyor | B6: =COUNTIF('ARAÇ TAKİP ANA'!C2:C5000,"Parça Bekliyor")
A7: Teslimat Sürecinde | B7: =COUNTIF('ARAÇ TAKİP ANA'!C2:C5000,"Teslimat Sürecinde")
A9: TOPLAM ARAÇ | B9: =SUM(B4:B7)
A11: ATÖLYEDE GÜNCELLENEN ARAÇLAR | B11: =COUNTIF('ARAÇ TAKİP ANA'!G2:G5000,"GÜNCELLENDİ")
A13: PARÇA / İŞLEM TÜRÜ | B13: ADET
A14: OBC | B14: =COUNTIF('ARAÇ TAKİP ANA'!F2:F5000,"*OBC*")
A15: İnlet | B15: =COUNTIF('ARAÇ TAKİP ANA'!F2:F5000,"*İnlet*")
A16: Batarya | B16: =COUNTIF('ARAÇ TAKİP ANA'!F2:F5000,"*Batarya*")
A17: PEU | B17: =COUNTIF('ARAÇ TAKİP ANA'!F2:F5000,"*PEU*")
A18: IDCC | B18: =COUNTIF('ARAÇ TAKİP ANA'!F2:F5000,"*IDCC*")

Sheet İNCELEME SÜRECİ
A1: PLAKA | D1: GÜNCELLEME | E1: PARÇA DEĞİŞİMİ
A2: =FILTER('ARAÇ TAKİP ANA'!A2:A5000,'ARAÇ TAKİP ANA'!C2:C5000="İnceleme Süreci","") | B2: =FILTER('ARAÇ TAKİP ANA'!B2:B5000,'ARAÇ TAKİP ANA'!C2:C5000="İnceleme Süreci","") | C2: =FILTER('ARAÇ TAKİP ANA'!D2:D5000,'ARAÇ TAKİP ANA'!C2:C5000="İnceleme Süreci","") | D2: =FILTER('ARAÇ TAKİP ANA'!G2:G5000,'ARAÇ TAKİP ANA'!C2:C5000="İnceleme Süreci","") | E2: =FILTER('ARAÇ TAKİP ANA'!F2:F5000,'ARAÇ TAKİP ANA'!C2:C5000="İnceleme Süreci","")

Sheet ATÖLYE İŞLEMDE
A1: PLAKA | D1: GÜNCELLEME | E1: PARÇA DEĞİŞİMİ
A2: =FILTER('ARAÇ TAKİP ANA'!A2:A5000,'ARAÇ TAKİP ANA'!C2:C5000="Atölye İşlemde","") | B2: =FILTER('ARAÇ TAKİP ANA'!B2:B5000,'ARAÇ TAKİP ANA'!C2:C5000="Atölye İşlemde","") | C2: =FILTER('ARAÇ TAKİP ANA'!D2:D5000,'ARAÇ TAKİP ANA'!C2:C5000="Atölye İşlemde","") | D2: =FILTER('ARAÇ TAKİP ANA'!G2:G5000,'ARAÇ TAKİP ANA'!C2:C5000="Atölye İşlemde","") | E2: =FILTER('ARAÇ TAKİP ANA'!F2:F5000,'ARAÇ TAKİP ANA'!C2:C5000="Atölye İşlemde","")

Sheet PARÇA BEKLİYOR
A1: PLAKA | D1: GÜNCELLEME | E1: PARÇA DEĞİŞİMİ
A2: =FILTER('ARAÇ TAKİP ANA'!A2:A5000,'ARAÇ TAKİP ANA'!C2:C5000="Parça Bekliyor","") | B2: =FILTER('ARAÇ TAKİP ANA'!B2:B5000,'ARAÇ TAKİP ANA'!C2:C5000="Parça Bekliyor","") | C2: =FILTER('ARAÇ TAKİP ANA'!D2:D5000,'ARAÇ TAKİP ANA'!C2:C5000="Parça Bekliyor","") | D2: =FILTER('ARAÇ TAKİP ANA'!G2:G5000,'ARAÇ TAKİP ANA'!C2:C5000="Parça Bekliyor","") | E2: =FILTER('ARAÇ TAKİP ANA'!F2:F5000,'ARAÇ TAKİP ANA'!C2:C5000="Parça Bekliyor","")

Sheet TESLİMAT SÜRECİNDE 
A1: PLAKA | B1: ŞASİ | C1: DETAY / YAPILACAK İŞLEM | D1: GÜNCELLEME | E1: PARÇA DEĞİŞİMİ
A2: =FILTER('ARAÇ TAKİP ANA'!A2:A5000,'ARAÇ TAKİP ANA'!C2:C5000="Teslimat Sürecinde","") | B2: =FILTER('ARAÇ TAKİP ANA'!B2:B5000,'ARAÇ TAKİP ANA'!C2:C5000="Teslimat Sürecinde","") | C2: =FILTER('ARAÇ TAKİP ANA'!D2:D5000,'ARAÇ TAKİP ANA'!C2:C5000="Teslimat Sürecinde","") | D2: =FILTER('ARAÇ TAKİP ANA'!G2:G5000,'ARAÇ TAKİP ANA'!C2:C5000="Teslimat Sürecinde","") | E2: =FILTER('ARAÇ TAKİP ANA'!F2:F5000,'ARAÇ TAKİP ANA'!C2:C5000="Teslimat Sürecinde","")
